timestamp_ms,ax,ay,az,gx,gy,gz,wheel_pulse
347015,218,-5,4341,26,-21,-37,196
347020,216,5,4335,33,-17,-40,196
347025,208,12,4333,34,-11,-38,196
347030,218,11,4322,38,-9,-38,196
347035,226,18,4323,41,-7,-44,196
347040,217,14,4315,41,-8,-44,196
347045,218,4,4330,42,4,-39,196
347050,218,-3,4333,40,-10,-41,196
347055,220,17,4326,41,-5,-43,196
347060,210,58,4437,28,-11,-37,196
347065,117,130,4442,38,40,-53,196
347070,-25,311,5248,56,42,-106,196
347075,-867,210,6191,-34,432,-177,196
347080,-2693,502,5903,-164,1061,-243,196
347085,-3578,442,3984,-228,1292,-487,196
347090,-1938,-313,3929,-6,1102,-641,196
347095,-2904,708,1541,172,919,-554,196
347100,-1809,100,4484,633,-50,-785,196
347105,-1079,818,2176,833,279,-755,196
347110,531,-989,2932,675,-326,-876,196
347115,-41,109,8930,629,-1206,-806,196
347120,-902,-1946,5302,877,526,-763,196
347125,-798,1579,4126,596,462,-193,196
347130,-630,-2209,6763,-1155,-875,-229,196
347135,-775,-201,7014,107,10,171,196
347140,-1175,492,404,526,1215,362,196
347145,-548,-302,4442,-286,-530,311,196
347150,-579,438,4579,-485,-468,364,196
347155,-765,2151,2655,-757,-150,198,196
347160,-751,898,2706,-898,-628,-380,196
347165,-644,-86,4886,-1065,-964,-660,196
347170,-736,-515,7295,102,-571,-724,196
347175,-938,389,4249,1163,293,-789,196
347180,-609,-2670,5833,95,-99,-642,196
347185,-392,-749,6340,50,512,51,196
347190,-148,-1945,3993,-178,752,306,196
347195,-376,511,3588,479,326,518,196
347200,-399,3524,2452,256,-343,428,196
347205,-445,1540,1514,-1635,-1058,-312,196
347210,-647,790,4084,-1866,-1444,-789,196
347215,-679,-91,8093,-720,-1222,-874,196
347220,-981,-328,1438,445,138,-643,196
347225,-225,-1106,6737,1123,-1654,-474,196
347230,237,-1141,9700,1137,-1236,-175,196
347235,-523,-1046,3186,527,580,204,196
347240,-517,-730,3298,228,-232,425,196
347245,-442,900,4371,155,-629,509,196
347250,-499,1062,599,-498,-277,345,196
347255,-38,959,3215,-801,-1318,117,196
347260,357,624,7621,681,-834,-157,196
347265,-128,1521,2428,699,1334,-441,196
347270,-769,-819,1356,-204,-34,-831,196
347275,396,-772,10655,-513,-1706,-729,196
347280,521,-1278,7619,-317,622,-491,196
347285,-225,-1080,826,-644,1407,3,196
347290,374,-782,6620,-933,-301,575,196
347295,-75,1507,643,-306,1165,852,196
347300,668,1569,2931,781,-530,429,196
347305,639,286,3880,1418,-986,-179,196
347310,281,-857,2953,194,-922,-448,196
347315,-565,-2218,1322,-592,-1146,-59,196
347320,-317,663,7622,27,-2381,215,196
347325,-72,1364,7628,-3093,-1384,229,196
347330,258,1102,5921,-946,-187,70,196
347335,475,1152,6806,-329,15,-285,196
347340,-121,-372,4035,193,1105,-777,197
347345,569,-776,4815,486,213,-641,197
347350,533,-891,3567,633,280,-377,197
347355,-389,-117,1677,1100,407,-195,197
347360,0,212,839,365,-278,-97,197
347365,578,-1267,4779,-464,-875,-110,197
347370,-150,-622,746,958,-214,-36,197
347375,313,-259,7516,-527,-1872,161,197
347380,429,-11,8116,-1155,-1223,379,197
347385,-515,1271,5598,-375,-72,345,197
347390,-212,697,3270,-494,368,-12,197
347395,454,245,3628,-560,95,-254,197
347400,568,273,5062,309,239,-315,197
347405,367,-1319,904,407,836,-333,197
347410,458,404,6407,-577,-224,2,197
347415,165,-242,4155,-957,341,92,197
347420,180,183,4107,-738,-182,283,197
347425,648,1751,7497,-164,-475,156,197
347430,173,-116,3467,-464,968,-357,197
347435,490,-1088,3726,-901,519,-405,197
347440,168,-174,8877,-495,-20,-266,197
347445,-792,420,1377,604,1724,-362,197
347450,-96,216,2697,-756,800,-560,197
347455,210,-259,4402,-590,642,-612,197
347460,449,-146,3897,1221,1080,-652,197
347465,1057,490,6116,934,992,-884,197
347470,-339,-807,4250,504,1340,-883,197
347475,128,-1951,5176,422,341,-706,197
347480,-332,17,3846,1669,528,-294,197
347485,632,433,4931,-381,567,-65,197
347490,207,906,1979,162,1057,-69,197
347495,-193,191,5772,-43,-296,-233,197
347500,80,217,4876,757,539,-374,197
347505,195,696,2386,1086,855,-499,197
347510,-397,-776,1756,837,-85,-669,197
347515,751,-1187,5511,-382,-813,-384,197
347520,-375,-49,2741,-387,115,0,197
347525,-681,-12,1977,1396,-554,-5,197
347530,-163,-1898,3896,1520,-1206,100,197
347535,110,951,8650,57,-1075,503,197
347540,148,-322,4664,-8,160,469,197
347545,205,-357,8094,1047,-165,431,197
347550,1355,128,5840,-452,971,484,197
347555,-676,-145,3863,-152,1363,596,197
347560,393,1256,3870,531,1277,490,198
347565,522,1387,488,738,1446,145,198
347570,441,1050,3568,-144,-28,-116,198
347575,174,-276,4664,-1278,21,-256,198
347580,2,457,1609,-1277,380,-319,198
347585,371,1987,6186,1796,-1197,-810,198
347590,65,436,2796,1804,-691,-1316,198
347595,228,-408,5854,-991,-1280,-1246,198
347600,98,-2142,4644,-1995,-554,-1003,198
347605,249,-2144,6638,-143,-747,-438,198
347610,20,-655,2184,884,-297,-18,198
347615,1848,52,7033,437,-1063,145,198
347620,-61,260,2787,53,776,152,198
347625,822,234,6853,-1481,139,228,198
347630,402,-734,5127,-1693,414,495,198
347635,979,1590,6243,318,-380,440,198
347640,692,1106,3512,496,188,12,198
347645,1521,197,1784,-197,-104,-177,198
347650,1712,-99,6835,-668,-884,-240,198
347655,173,-1050,2691,632,113,-613,198
347660,-536,64,2158,968,-508,-672,198
347665,564,51,3927,-376,-1060,-490,198
347670,1109,463,3320,-1463,-428,-339,198
347675,-284,-1011,3051,-364,-412,-460,198
347680,930,-239,11240,646,-1201,-489,198
347685,1062,-1002,2062,578,624,-286,198
347690,490,486,9568,189,-944,-27,198
347695,174,-507,2870,203,1048,-191,198
347700,591,-1909,-987,-1149,416,111,198
347705,934,-231,8394,18,-1491,652,198
347710,154,769,229,-24,488,921,198
347715,257,279,5482,29,-1365,649,198
347720,1156,1080,6752,-47,-1148,272,198
347725,176,1182,3592,243,432,-168,198
347730,-60,754,3606,-16,129,-591,198
347735,437,-1481,5720,-389,-55,-871,198
347740,498,-581,3043,-104,491,-632,198
347745,450,-187,5297,238,-224,-430,198
347750,-26,328,2473,522,221,-409,199
347755,358,388,5627,-386,63,-441,199
347760,649,-676,3599,-522,591,-409,199
347765,208,-1378,3323,-806,110,-53,199
347770,736,1260,8356,285,-591,273,199
347775,428,-414,2325,-31,1048,94,199
347780,1105,-140,5689,-239,-317,308,199
347785,327,346,5451,18,1,503,199
347790,34,330,2130,20,635,344,199
347795,345,-195,3479,-578,-406,106,199
347800,590,-353,3709,-597,-573,-23,199
347805,455,581,5137,-172,-535,-51,199
347810,262,1119,3814,-503,-98,-238,199
347815,310,-234,5040,-929,-416,-458,199
347820,263,107,4418,-1098,-268,-301,199
347825,-23,-279,3119,-864,8,-212,199
347830,232,382,4129,-556,-382,-169,199
347835,331,72,5098,115,-142,-332,199
347840,275,-528,453,105,250,-423,199
347845,1352,-568,10239,-1115,-1375,-247,199
347850,515,400,4893,-1015,542,-365,199
347855,331,-1002,6124,-374,284,-555,199
347860,1101,-651,6952,778,318,-580,199
347865,455,255,2498,1307,1001,-612,199
347870,135,-1291,1681,1019,441,-538,199
347875,116,-982,1596,1109,-3,-228,199
347880,620,-342,3863,-53,-358,97,199
347885,87,-52,1352,-94,121,424,199
347890,-76,94,4120,389,-836,584,199
347895,1075,2125,8423,-8,-1248,470,199
347900,540,465,4425,-1326,249,195,199
347905,244,326,5856,-1291,-50,167,199
347910,652,2604,6272,-146,-25,-83,199
347915,300,673,6691,-148,634,-657,199
347920,191,-564,1769,-250,1571,-858,199
347925,150,-277,4195,-478,1016,-806,199
347930,-102,-2151,1131,-119,1215,-747,199
347935,362,-1389,3421,492,247,-349,199
347940,1029,-992,4160,1145,358,-154,199
347945,94,847,2921,723,777,-105,199
347950,385,-1066,5176,-130,-56,-84,199
347955,909,-208,6569,747,-551,13,199
347960,68,-211,3424,1837,192,-62,199
347965,178,182,6305,897,-178,-10,199
347970,119,468,3031,-21,742,34,199
347975,-98,45,1585,-91,576,25,199
347980,311,1091,5397,905,-503,-214,199
347985,209,952,4147,1281,-174,-718,199
347990,407,263,4266,297,-72,-913,199
347995,393,-1277,3598,-250,83,-670,199
348000,108,300,4709,-631,-127,-144,199
348005,24,14,3569,266,40,-74,199
348010,231,-788,1887,432,-256,31,199
348015,295,-956,3213,-123,-849,341,199
348020,161,-711,5115,-771,-683,712,199
348025,306,493,3334,-924,-323,855,200
348030,1150,591,9811,-1135,-1265,644,200
348035,903,942,7209,-451,260,338,200
348040,439,727,6086,73,837,-171,200
348045,1035,78,6747,1191,680,-573,200
348050,-14,-831,1878,1466,1674,-718,200
348055,-639,-192,1151,1528,862,-693,200
348060,814,-661,3262,618,-206,-596,200
348065,121,-765,2826,107,-62,-316,200
348070,-230,-122,1347,202,-476,27,200
348075,-85,453,4960,125,-1358,84,200
348080,-241,126,2855,671,-905,-66,200
348085,63,672,4801,869,-1355,-50,200
348090,283,30,6775,346,-1018,-225,200
348095,825,-1083,6887,-487,-257,-230,200
348100,482,-39,6360,-1135,30,209,200
348105,565,439,6445,-758,254,274,200
348110,470,1346,4096,133,738,96,200
348115,285,576,2872,550,726,-150,200
348120,257,407,2631,740,268,-211,200
348125,262,-422,1563,649,-84,-306,200
348130,324,518,2052,799,-719,-430,200
348135,705,-569,6818,-886,-892,-535,200
348140,-85,-720,-522,-786,247,-474,200
348145,1095,-496,9544,-1358,-2194,-255,200
348150,445,-381,6100,-700,-642,17,200
348155,359,620,6239,-360,-399,188,200
348160,324,799,4621,-40,-105,89,200
348165,415,494,4786,501,70,-161,200
348170,231,92,2151,861,453,-438,200
348175,37,-283,3078,754,-74,-603,200
348180,131,-786,3229,419,-45,-695,200
348185,545,-991,3341,-509,323,-518,200
348190,-2,-562,2551,-354,419,-262,200
348195,253,638,6722,316,-431,-127,200
348200,362,273,4930,306,284,-213,200
348205,565,-682,4915,108,102,-129,200
348210,215,-649,3371,54,10,156,200
348215,200,-828,2940,-390,-558,520,200
348220,217,27,5319,-944,-1202,930,200
348225,297,136,3861,-1352,-729,1109,200
348230,791,1252,6182,-1110,-955,1175,200
348235,448,2160,8253,-398,-460,798,200
348240,305,548,4794,249,948,20,200
348245,112,137,3278,422,1352,-371,200
348250,201,-1775,1007,278,1120,-515,200
348255,615,-1163,5898,-514,258,-477,200
348260,496,-585,1422,-668,1052,-260,200
348265,47,-662,102,-141,-135,-175,200
348270,514,-263,7521,655,-2015,-273,200
348275,167,598,5250,780,-705,-277,200
348280,-263,-1314,3734,109,-335,-275,200
348285,744,-1035,6427,-84,-795,29,200
348290,566,231,5325,248,-56,295,200
348295,201,630,4250,1151,37,277,200
348300,274,547,4858,497,-184,80,201
348305,186,-249,2823,157,33,8,201
348310,240,183,2617,-542,-382,197,201
348315,239,783,4013,-483,-752,231,201
348320,270,421,3526,109,-638,-94,201
348325,441,1067,5505,527,-949,-407,201
348330,421,356,6174,-790,-507,-585,201
348335,103,-679,5280,-1173,506,-620,201
348340,35,-656,5756,-572,564,-432,201
348345,250,-175,2984,268,786,-253,201
348350,714,-1302,2403,91,239,-124,201
348355,324,-782,2100,-76,-158,332,201
348360,2,-138,2833,359,-580,640,201
348365,302,865,3222,680,-1125,591,201
348370,414,1166,5527,-28,-1556,303,201
348375,344,901,8150,-599,-1105,-132,201
348380,238,-663,6529,-812,2,-529,201
348385,122,-588,4921,-389,348,-539,201
348390,592,-546,6151,-300,248,-437,201
348395,200,-300,2738,-122,1023,-251,201
348400,42,678,2084,6,672,-79,201
348405,233,67,2949,546,39,-165,201
348410,747,201,6102,124,-10,-205,201
348415,305,39,3903,-89,1064,-251,201
348420,80,-1589,4139,221,633,-334,201
348425,513,-1130,4461,88,17,-136,201
348430,1013,320,4899,-830,-93,233,201
348435,646,855,5794,-683,333,367,201
348440,753,1361,5280,-178,387,217,201
348445,605,965,4833,275,228,-170,201
348450,188,534,4365,489,710,-461,201
348455,-192,-379,1713,424,1057,-652,201
348460,138,199,4965,273,232,-732,201
348465,239,-710,4770,-113,878,-910,201
348470,-24,-1425,-323,2,1731,-921,201
348475,387,-1456,3358,-118,169,-502,201
348480,485,-521,7562,142,-125,-61,201
348485,167,-5,3140,223,955,280,201
348490,664,1053,6631,772,-407,431,201
348495,447,949,5384,303,-85,383,201
348500,-164,-574,3280,1184,440,35,201
348505,-179,20,2999,916,-47,-52,201
348510,315,-253,4377,-652,-370,-78,201
348515,256,-784,5129,-727,256,-93,201
348520,493,-250,3154,27,561,-32,201
348525,-23,121,3947,645,291,-168,201
348530,801,1065,6958,794,156,-355,201
348535,473,-206,4009,-23,1033,-385,201
348540,259,-432,4511,-865,568,-63,201
348545,-74,507,4605,-165,500,116,201
348550,162,468,4742,253,607,35,201
348555,247,406,3594,863,826,-153,201
348560,382,-970,2444,792,760,-343,201
348565,295,-288,3554,651,240,-149,201
348570,36,-366,2736,559,222,-47,201
348575,-75,96,3532,400,-6,-14,201
348580,222,-253,5328,267,-300,-19,201
348585,-282,422,3202,652,222,-73,201
348590,114,-129,5290,522,-146,-237,201
348595,674,449,5299,360,138,-212,201
348600,281,-715,4180,294,479,-223,201
348605,210,449,3923,1003,85,-150,201
348610,132,-95,3228,1116,-66,-238,201
348615,249,-986,5133,904,-296,-152,201
348620,-52,-642,3070,745,127,194,201
348625,-111,-12,1960,652,-19,388,202
348630,216,-499,4390,999,-663,363,202
348635,710,418,6714,667,-655,434,202
348640,314,-195,2788,-1178,398,636,202
348645,374,1076,6745,-1317,-151,752,202
348650,594,1264,7317,-433,169,436,202
348655,353,1224,4026,58,773,39,202
348660,345,821,3195,174,596,-340,202
348665,377,713,4408,-1035,625,-489,202
348670,-66,-180,2141,-1110,1015,-693,202
348675,206,-124,2348,-822,193,-806,202
348680,306,215,4429,-499,-292,-790,202
348685,-90,-144,2331,-93,160,-779,202
348690,-134,-673,1663,16,-530,-747,202
348695,140,-891,6815,-235,-1440,-568,202
348700,506,-325,7425,407,-563,-453,202
348705,197,-1299,6479,421,279,-382,202
348710,202,-776,7199,729,121,-163,202
348715,331,-873,2858,1055,898,-66,202
348720,180,-506,2486,1125,414,161,202
348725,-8,-243,1958,871,-168,343,202
348730,-288,800,-112,714,-498,447,202
348735,185,1363,4272,-644,-935,463,202
348740,304,388,5088,-1539,-57,306,202
348745,-244,1501,1385,-1156,201,11,202
348750,1009,1112,10944,-844,-1698,-470,202
348755,456,704,6104,-736,267,-683,202
348760,319,1212,4868,59,326,-833,202
348765,526,117,3596,139,200,-1047,202
348770,521,-1491,3703,15,78,-999,202
348775,408,-2367,4168,-81,-32,-593,202
348780,315,-630,1884,-602,-92,32,202
348785,10,331,2367,-372,-696,161,202
348790,0,-82,2836,-371,-1097,-59,202
348795,121,992,3554,-402,-1304,-156,202
348800,367,242,5713,-1044,-1298,-397,202
348805,-43,-121,3616,-1134,-623,-438,202
348810,-113,515,5920,-820,-1395,-398,202
348815,698,-28,11479,-1134,-1335,-512,202
348820,698,-981,3963,149,711,-571,202
348825,725,-853,6431,-42,57,-320,202
348830,553,-248,7620,557,604,-158,202
348835,329,-1136,2272,1027,1803,-17,202
348840,41,-1414,921,1217,987,249,202
348845,395,-672,2273,1271,-18,571,202
348850,424,648,2552,787,-167,693,202
348855,417,-198,3682,-539,70,760,202
348860,-169,793,736,-742,551,845,202
348865,-367,1430,3333,-496,-1003,524,202
348870,303,1254,9264,-170,-1546,59,202
348875,127,1244,4403,5,113,-255,202
348880,340,-168,5551,-434,-270,-480,202
348885,249,-654,4534,-408,-43,-424,202
348890,-118,-566,2759,-360,148,-217,202
348895,-72,-485,1076,-108,-412,-106,202
348900,406,558,3652,220,-1360,-138,202
348905,438,547,4247,-655,-872,-316,202
348910,198,-1400,5552,-908,-762,-514,202
348915,106,-681,2832,95,-900,-444,202
348920,117,148,7360,-41,-1647,-322,202
348925,342,-166,4965,301,-274,-324,203
348930,562,448,5454,960,-523,-429,203
348935,992,-472,5457,185,-236,-495,203
348940,461,-1079,3368,403,332,-392,203
348945,521,-37,5403,1092,-205,-238,203
348950,517,141,5184,902,154,-233,203
348955,615,-595,4591,-211,475,-148,203
348960,121,135,4479,151,763,7,203
348965,-75,168,4220,563,907,-34,203
348970,-57,47,2945,832,965,-61,203
348975,487,258,5055,65,740,3,203
348980,348,-517,1964,-631,1073,173,203
348985,252,737,5236,-937,172,412,203
348990,3,997,3385,-519,513,384,203
348995,82,1287,2942,-821,28,287,203
349000,120,691,3525,-925,-363,77,203
349005,-75,-50,1525,-465,-430,-216,203
349010,242,-576,2592,-663,-1461,-317,203
349015,383,-987,2822,-1382,-1799,-252,203
349020,410,-820,6885,-1515,-1947,-13,203
349025,796,225,9289,-1263,-1416,76,203
349030,986,-330,9715,-876,-326,-12,203
349035,707,-338,7303,-829,961,18,203
349040,253,-943,4664,-319,1975,-76,203
349045,-91,305,3390,558,2329,-131,203
349050,-73,162,120,1134,2206,-326,203
349055,610,42,1368,990,973,-532,203
349060,352,-282,1582,532,704,-478,203
349065,284,-435,3125,294,79,-427,203
349070,274,-382,4996,-177,-472,-238,203
349075,494,399,7024,238,-545,-187,203
349080,173,-160,5323,-398,12,-229,203
349085,358,606,6236,-489,106,-170,203
349090,385,229,7191,188,460,-442,203
349095,143,-290,3398,138,1210,-421,203
349100,21,192,3651,-85,762,-287,203
349105,-119,-975,3064,-194,767,-230,203
349110,36,-345,1949,184,507,-17,203
349115,179,521,2907,475,-84,41,203
349120,360,942,4815,-386,-106,-16,203
349125,-296,-723,1463,-1012,521,-180,203
349130,229,-44,4782,-465,-793,-235,203
349135,361,601,8192,-373,-941,-296,203
349140,226,-416,6423,-612,190,-387,203
349145,302,-1312,4928,-476,794,-329,203
349150,234,-906,6240,-53,890,-62,203
349155,202,-296,3782,195,1710,136,203
349160,444,-732,1930,234,1622,218,203
349165,928,329,4169,583,1040,379,203
349170,599,1080,3347,1477,1366,88,203
349175,609,-659,992,789,748,-318,203
349180,511,-949,4941,39,-642,-177,203
349185,-53,-579,4373,566,-460,-83,203
349190,148,702,4895,1089,-890,-57,203
349195,373,750,7146,480,-913,-235,203
349200,-186,-61,4849,261,305,-476,203
349205,-16,-284,4424,312,170,-508,203
349210,-38,-275,4023,633,319,-472,203
349215,-299,-533,2772,850,637,-350,203
349220,-37,-223,2924,871,218,-93,203
349225,86,127,3427,355,96,114,203
349230,36,-110,3152,357,154,165,203
349235,242,-335,4887,515,-54,219,203
349240,676,462,5006,329,-81,227,203
349245,831,-112,7728,-206,-64,170,203
349250,173,-691,4549,-112,798,181,203
349255,285,-506,5855,34,341,245,204
349260,703,91,5376,-111,480,344,204
349265,415,536,3526,116,861,328,204
349270,340,628,3524,-229,524,215,204
349275,88,-140,4220,-56,593,-8,204
349280,-143,102,1796,558,940,-136,204
349285,-70,242,2018,695,286,-233,204
349290,77,283,2434,623,-92,-373,204
349295,301,661,4776,-5,-281,-518,204
349300,-460,-647,2441,-597,275,-645,204
349305,192,-742,6286,234,-943,-582,204
349310,845,-15,7932,-74,-988,-445,204
349315,645,-81,7268,77,-106,-329,204
349320,120,-421,5538,143,208,-167,204
349325,341,-832,3626,269,362,36,204
349330,-97,-690,2146,768,465,193,204
349335,-119,-377,560,1152,-222,334,204
349340,530,181,5812,8,-1119,545,204
349345,154,234,2990,-170,190,511,204
349350,-362,216,3963,-917,116,421,204
349355,-146,682,4290,-151,-500,344,204
349360,2,1082,4175,-161,-195,184,204
349365,250,373,6077,83,76,-109,204
349370,457,636,7101,470,431,-284,204
349375,71,213,4668,94,1358,-427,204
349380,184,-1409,3363,-528,1198,-513,204
349385,652,-1653,2489,-779,722,-190,204
349390,318,56,1940,-81,-46,206,204
349395,265,843,1668,-237,-944,312,204
349400,563,1006,4079,-979,-1866,260,204
349405,321,-38,5927,-208,-1797,10,204
349410,-492,361,4588,-266,-1413,-27,204
349415,-335,0,8153,-23,-1361,-174,204
349420,-45,482,4372,412,-73,-364,204
349425,133,-176,4330,621,-72,-640,204
349430,671,-1265,5992,-224,147,-635,204
349435,330,-536,3307,-511,1443,-299,204
349440,208,-295,2720,25,982,-123,204
349445,443,-176,5150,-255,-18,42,204
349450,416,698,3269,-39,248,167,204
349455,512,94,3042,-669,-195,157,204
349460,390,59,4862,-380,-782,128,204
349465,15,648,4263,-208,-490,26,204
349470,-98,499,4923,-36,-381,-259,204
349475,190,21,3948,189,-135,-525,204
349480,271,-493,3498,878,-208,-772,204
349485,522,-1047,6356,420,-354,-780,204
349490,270,-1012,2079,9,413,-444,204
349495,45,-1076,4599,75,-580,-112,204
349500,296,-527,4595,-87,-695,293,204
349505,123,-334,2053,-279,-596,651,204
349510,-98,-59,4600,-332,-1357,928,204
349515,34,1410,4360,-478,-1341,1040,204
349520,182,1846,3988,-280,-1336,664,204
349525,163,215,6352,-166,-1170,41,204
349530,317,-410,4224,366,-252,-262,204
349535,606,-449,5964,351,-432,-295,204
349540,284,-956,4870,64,77,-237,204
349545,487,-364,5321,126,101,-82,204
349550,351,-647,4447,-120,272,118,204
349555,151,268,1607,-4,360,257,204
349560,312,44,2504,223,-586,59,204
349565,630,160,5262,384,-1126,-106,204
349570,347,170,4315,66,-739,-294,204
349575,285,-544,6836,-3,-1117,-362,204
349580,81,-491,5486,358,-746,-278,204
349585,-59,156,5077,564,-418,-147,204
349590,0,334,4763,537,-107,-152,204
349595,-18,-329,-327,581,252,-172,204
349600,985,875,7154,-359,-1058,-64,204
349605,150,323,3753,-519,295,-169,204
349610,148,749,3611,-73,-476,-318,205
349615,384,1009,7580,-166,-1202,-434,205
349620,44,184,2419,-88,207,-615,205
349625,78,-468,4093,19,-616,-666,205
349630,117,-79,4899,433,-777,-565,205
349635,277,-1279,2019,-125,-337,-509,205
349640,293,-860,5131,-289,-1100,-216,205
349645,131,-696,4526,-252,-670,-3,205
349650,14,-416,2825,-12,-437,103,205
349655,585,-227,8079,-388,-874,220,205
349660,351,489,4825,-319,629,284,205
349665,76,167,3503,-217,619,221,205
349670,894,-118,4787,-51,154,153,205
349675,778,478,2875,592,236,153,205
349680,499,326,4196,478,-501,48,205
349685,457,305,3326,-477,-655,106,205
349690,19,307,4349,-618,-784,79,205
349695,-100,409,3943,-434,-774,-114,205
349700,-13,-289,4873,-212,-680,-337,205
349705,246,-134,3686,-458,-369,-390,205
349710,531,-734,3895,-893,-460,-355,205
349715,229,120,5277,-72,-411,-367,205
349720,266,-299,4284,454,-21,-494,205
349725,328,-337,5492,440,-132,-353,205
349730,457,-653,4915,-256,340,-147,205
349735,500,141,3925,-304,323,78,205
349740,400,-448,4168,60,89,119,205
349745,271,59,4953,196,112,219,205
349750,261,463,5054,88,316,199,205
349755,-81,253,3044,187,746,0,205
349760,141,-148,2048,202,412,-179,205
349765,911,-145,5337,-193,-259,-184,205
349770,140,339,4265,-327,460,-157,205
349775,-16,165,3234,-344,225,-158,205
349780,202,2,5671,-3,-462,-223,205
349785,111,851,5282,480,42,-325,205
349790,289,-418,4584,18,268,-565,205
349795,683,-969,5519,-422,132,-515,205
349800,181,-726,5697,273,306,-389,205
349805,218,-349,2177,756,583,-294,205
349810,12,-643,722,692,-24,-215,205
349815,44,-860,2591,756,-956,7,205
349820,295,-72,4334,810,-1153,221,205
349825,418,-88,4131,-6,-795,324,205
349830,-41,844,5918,90,-951,368,205
349835,-54,713,7800,86,-539,105,205
349840,258,555,4650,390,678,-176,205
349845,664,-50,5108,435,594,-367,205
349850,574,-128,3421,80,1093,-306,205
349855,211,-29,3894,102,1134,-172,205
349860,438,-257,2865,-180,997,-108,205
349865,693,-461,2998,179,447,39,205
349870,587,806,3450,465,-262,158,205
349875,422,116,5379,-288,-596,85,205
349880,283,137,5011,645,-470,-123,205
349885,439,51,4231,363,-324,-308,205
349890,262,-1021,6346,637,-412,-508,205
349895,465,-735,6232,520,176,-434,205
349900,255,-242,4331,504,758,-289,205
349905,103,-416,2602,274,708,-133,205
349910,57,-290,2978,381,481,63,205
349915,-224,-170,2628,605,410,225,205
349920,-85,-79,2520,706,-21,399,205
349925,698,587,5410,-585,-356,589,205
349930,200,383,2579,-612,330,558,205
349935,399,1289,7550,-789,-564,477,205
349940,199,800,5481,68,437,63,206
349945,65,200,4418,406,733,-284,206
349950,340,-639,3401,376,753,-337,206
349955,214,-71,3378,397,456,-287,206
349960,570,-56,2697,-56,182,-353,206
349965,218,-281,2186,74,148,-387,206
349970,19,-763,3516,171,-477,-377,206
349975,357,388,6106,33,-990,-202,206
349980,236,255,5227,-497,-640,-163,206
349985,273,-31,6669,-436,-522,-132,206
349990,172,164,5644,-159,121,-148,206
349995,30,-339,2155,-136,630,-145,206
350000,456,-303,5679,-412,-74,-72,206
350005,298,-173,3162,-705,807,56,206
350010,147,524,4129,-104,547,63,206
350015,472,926,5455,145,162,-182,206
350020,563,17,5771,616,647,-451,206
350025,345,-506,3202,467,1158,-565,206
350030,775,-1195,4943,-233,431,-461,206
350035,663,-665,5093,-247,593,-207,206
350040,117,-464,2927,228,696,-121,206
350045,517,94,3467,188,-228,26,206
350050,522,737,6398,181,-266,27,206
350055,-146,586,1833,98,809,-66,206
350060,57,285,4492,210,-194,-190,206
350065,335,685,4262,235,-102,-352,206
350070,27,-240,1853,132,269,-543,206
350075,80,-976,3217,-3,-523,-478,206
350080,506,-405,6417,39,-886,-195,206
350085,156,14,3615,3,-219,5,206
350090,304,176,7007,-257,-821,68,206
350095,-69,311,4505,-24,190,1,206
350100,-146,-46,3115,18,316,-135,206
350105,288,-84,4629,-711,-138,-144,206
350110,137,-431,1903,-777,241,-86,206
350115,109,85,3605,-244,-513,-125,206
350120,610,728,7052,517,-767,-245,206
350125,364,-59,6918,286,197,-425,206
350130,1015,-1343,7286,229,822,-460,206
350135,55,-455,3704,290,1591,-232,206
350140,559,-308,3768,337,1014,-149,206
350145,370,-607,1274,692,953,-177,206
350150,301,120,-304,944,187,45,206
350155,315,-271,5428,160,-862,186,206
350160,234,198,2232,-78,2,360,206
350165,296,959,6506,-668,-750,395,206
350170,53,389,6960,245,-636,119,206
350175,127,-60,4661,-78,-153,22,206
350180,134,-17,4575,180,21,-2,206
350185,331,-408,5358,-183,111,33,206
350190,553,-146,4859,-486,177,178,206
350195,336,15,6450,-310,293,243,206
350200,447,-630,3109,57,945,202,206
350205,809,-704,4847,35,280,293,206
350210,289,5,2940,-382,574,466,206
350215,253,-273,4023,-380,244,433,206
350220,354,353,3354,-105,-32,384,206
350225,253,1198,4090,88,-141,211,206
350230,-34,230,2946,28,202,-196,206
350235,-170,-327,1484,113,-169,-398,206
350240,493,-575,4354,-624,-1227,-342,207
350245,292,130,4539,-966,-1033,-70,207
350250,-75,495,5126,-655,-930,54,207
350255,188,1225,7840,-304,-1114,-14,207
350260,474,460,6980,166,25,-274,207
350265,261,-725,4482,264,914,-433,207
350270,684,-516,4904,182,655,-281,207
350275,270,-94,3398,-298,926,-116,207
350280,-74,-591,753,-167,827,-231,207
350285,143,-879,2997,-349,-385,-180,207
350290,72,40,2945,-93,-545,11,207
350295,303,765,5298,-414,-604,-6,207
350300,-157,-244,2835,-379,7,-151,207
350305,78,-12,7454,-738,-530,-59,207
350310,279,732,7635,-382,484,-66,207
350315,-17,-30,2922,-326,1408,-234,207
350320,528,-75,3344,-875,645,-198,207
350325,657,-168,7337,-520,146,-85,207
350330,223,1015,1676,19,1080,-183,207
350335,603,371,4815,-210,-290,-396,207
350340,808,-1561,3177,126,-122,-568,207
350345,60,-1319,1046,769,-433,-317,207
350350,-31,236,6076,624,-1552,3,207
350355,39,-523,4699,-623,-550,8,207
350360,91,-243,6179,-72,-539,68,207
350365,235,584,5262,233,-379,35,207
350370,476,453,4348,395,207,-212,207
350375,820,-563,4396,63,264,-312,207
350380,267,-227,4382,-139,281,-123,207
350385,298,282,3744,284,-58,-86,207
350390,770,365,3724,185,-685,-167,207
350395,405,804,3966,-241,-745,-241,207
350400,273,-118,4642,-744,-643,-359,207
350405,132,-30,4909,-501,-588,-393,207
350410,314,-357,6869,-181,-527,-488,207
350415,453,-126,4990,426,448,-588,207
350420,522,-934,4677,-451,737,-530,207
350425,525,-930,6017,-555,903,-165,207
350430,-13,136,4323,-262,1711,119,207
350435,-126,-218,2432,-21,1799,185,207
350440,230,261,2800,21,1205,299,207
350445,125,52,5040,359,1161,297,207
350450,158,305,2610,-177,1634,252,207
350455,712,83,3427,184,416,61,207
350460,612,-1,5196,572,-583,-133,207
350465,-10,990,4561,547,-207,-375,207
350470,50,-389,3518,941,-461,-832,207
350475,675,-115,7104,616,-1125,-942,207
350480,68,-838,4094,465,40,-957,207
350485,-90,-1144,4000,411,42,-742,207
350490,185,-2083,3653,626,-225,-332,207
350495,213,-55,3056,1022,-360,277,207
350500,266,161,3708,1130,-491,407,207
350505,384,967,3732,265,-364,468,207
350510,358,958,5333,-441,-348,429,207
350515,87,1255,5664,-616,-401,261,207
350520,129,1705,4906,-620,81,-77,207
350525,148,367,5145,-624,492,-535,207
350530,326,-842,3274,80,816,-778,207
350535,475,-310,5298,234,318,-731,207
350540,544,-1225,3619,332,459,-704,207
350545,305,-1357,2899,379,432,-432,207
350550,241,-1060,2043,585,103,-22,207
350555,52,-255,4802,494,-693,277,207
350560,356,-86,4382,-508,-332,425,207
350565,260,632,2638,-1042,-45,513,208
350570,92,326,6555,-970,-761,414,208
350575,168,1367,5695,265,58,65,208
350580,176,63,4862,770,537,-376,208
350585,518,-100,6041,837,447,-377,208
350590,27,-584,2847,671,1357,-373,208
350595,181,-625,673,402,893,-241,208
350600,-47,-264,2208,294,-128,-36,208
350605,156,-158,4812,-359,-475,67,208
350610,56,46,2305,-1261,-2,224,208
350615,-227,622,3656,-1420,-902,265,208
350620,205,1127,5765,-1150,-1284,90,208
350625,533,603,8892,-109,-996,-276,208
350630,757,814,4950,901,-137,-546,208
350635,913,-1549,6761,366,-297,-803,208
350640,238,-273,5982,573,704,-592,208
350645,72,-481,2057,403,1216,-506,208
350650,72,-741,2336,695,366,-526,208
350655,-113,-1458,544,1082,-65,-364,208
350660,391,-312,4549,-48,-956,56,208
350665,201,-876,4715,-617,-390,361,208
350670,-160,645,1124,-1065,388,626,208
350675,508,1211,7927,359,-1755,400,208
350680,301,1390,8015,183,-607,68,208
350685,129,839,3731,359,770,-270,208
350690,584,188,5271,657,-9,-642,208
350695,479,-690,4550,590,309,-759,208
350700,68,-1051,1606,213,621,-619,208
350705,368,-1211,2467,10,-417,-327,208
350710,223,-856,3436,129,-915,34,208
350715,214,500,4892,-315,-840,390,208
350720,147,1225,4447,-860,-435,477,208
350725,394,503,5589,-144,-781,255,208
350730,675,1742,6386,328,-404,-48,208
350735,611,-620,7884,439,246,-672,208
350740,706,-1091,6130,-598,1084,-591,208
350745,369,-931,5478,-711,1590,-333,208
350750,409,-808,3321,-405,1881,-94,208
350755,219,-100,1421,-407,1584,155,208
350760,253,-360,1826,66,541,281,208
350765,400,413,2748,638,-155,423,208
350770,475,1088,780,826,-508,318,208
350775,259,161,5614,31,-1660,-64,208
350780,299,100,6998,7,-1297,-296,208
350785,31,-212,5226,-118,-919,-395,208
350790,-295,-375,7642,-233,-805,-533,208
350795,-92,-602,3118,-680,308,-466,208
350800,239,-607,3986,-481,-179,-268,208
350805,424,-410,2087,-524,-313,1,208
350810,411,98,3330,-388,-912,227,208
350815,-4,-375,3902,-285,-1061,319,208
350820,40,-289,4017,-28,-1163,501,208
350825,290,729,5431,-300,-1157,601,208
350830,348,981,5771,420,-503,312,208
350835,528,153,7202,981,-195,-237,208
350840,277,-362,3147,946,524,-513,208
350845,454,-530,5461,148,153,-504,208
350850,814,-604,5159,-305,384,-353,208
350855,487,-301,2766,238,627,-397,208
350860,687,-1275,3924,453,-246,-370,208
350865,714,299,5921,95,-426,-5,209
350870,361,-226,2467,-113,175,168,209
350875,531,370,4659,-47,-610,323,209
350880,492,989,6360,47,-464,269,209
350885,-84,826,3744,397,538,-13,209
350890,-91,-165,2950,338,370,-300,209
350895,108,-540,2794,101,-26,-378,209
350900,5,-337,2818,193,-114,-310,209
350905,-18,-162,1734,33,-134,-170,209
350910,76,-485,3131,-336,-592,-53,209
350915,666,-827,4557,-1561,-774,305,209
350920,-181,300,3214,-1156,-710,775,209
350925,620,830,9359,-1318,-1719,891,209
350930,880,1198,6432,-37,-566,577,209
350935,611,1166,9276,-464,-384,217,209
350940,256,-999,3628,-171,993,-338,209
350945,-124,-784,2392,455,784,-629,209
350950,147,-513,3524,606,310,-750,209
350955,813,-260,3669,-69,257,-649,209
350960,355,-947,2606,-931,646,-242,209
350965,-205,139,2707,-703,656,43,209
350970,-20,-705,4624,-147,219,268,209
350975,394,1205,4825,436,107,417,209
350980,532,150,6227,502,4,108,209
350985,767,-509,5226,103,436,-4,209
350990,423,-226,4245,-296,422,84,209
350995,151,769,5510,-389,42,51,209
351000,133,592,3559,-781,538,-198,209
351005,248,206,6499,-709,304,-412,209
351010,277,-220,2841,-122,903,-574,209
351015,350,-232,3540,-233,464,-569,209
351020,-33,30,2494,-187,661,-481,209
351025,23,-868,3022,156,375,-465,209
351030,185,-378,3492,144,6,-305,209
351035,147,-821,3482,-97,-286,-92,209
351040,-66,-256,4424,-554,-251,173,209
351045,158,171,5093,-483,-268,236,209
351050,732,934,7088,104,-505,35,209
351055,492,921,6755,314,134,-325,209
351060,162,-1330,4204,1001,573,-823,209
351065,723,-1337,5047,771,154,-779,209
351070,497,-672,5283,192,449,-486,209
351075,288,-1010,2469,304,749,-295,209
351080,745,-109,4075,382,-199,-81,209
351085,421,-224,2651,369,-208,100,209
351090,42,329,3930,463,-516,254,209
351095,3,1118,4877,-565,-423,259,209
351100,297,720,8592,-312,-432,84,209
351105,24,529,5015,-36,496,-201,209
351110,431,-223,4268,39,540,-406,209
351115,597,-681,5825,-32,735,-315,209
351120,218,-150,2483,245,1558,-165,209
351125,390,-463,4411,170,835,-58,209
351130,168,-883,2520,232,948,50,209
351135,179,-607,3028,-25,242,209,209
351140,149,-206,2057,-167,-185,301,209
351145,219,69,4739,-345,-932,273,209
351150,-16,705,3108,-312,-650,199,209
351155,163,877,6413,-387,-895,-51,209
351160,160,545,5728,53,-259,-434,209
351165,41,118,5130,674,134,-763,209
351170,-15,-767,3448,527,363,-866,209
351175,419,-1596,6133,34,207,-590,209
351180,540,-289,3299,408,894,-223,209
351185,271,-575,4600,911,200,-149,209
351190,416,101,5490,1149,400,-79,209
351195,222,-679,2264,912,1101,-44,210
351200,237,-382,4093,958,443,35,210
351205,264,21,2246,765,413,31,210
351210,70,549,2972,549,-254,-36,210
351215,217,-2,3090,327,-688,-121,210
351220,321,371,3738,210,-992,-121,210
351225,203,-128,4618,-56,-1036,-67,210
351230,209,228,5629,-150,-894,112,210
351235,365,548,6699,341,-679,67,210
351240,347,17,6110,695,-370,-89,210
351245,360,-221,4216,442,265,-31,210
351250,341,-865,4977,-74,473,29,210
351255,384,-102,3867,-491,779,276,210
351260,212,-353,2799,-446,549,279,210
351265,333,315,4438,-346,45,230,210
351270,179,596,2551,242,434,84,210
351275,590,-84,5878,506,-189,-223,210
351280,218,-775,4926,854,251,-352,210
351285,217,-857,5110,974,162,-252,210
351290,302,-652,3692,441,87,-65,210
351295,84,-579,2543,223,72,130,210
351300,-170,274,2051,191,-316,236,210
351305,-112,1008,4786,268,-903,147,210
351310,277,1212,4825,-864,-430,74,210
351315,-80,851,1175,-1858,125,35,210
351320,437,784,8402,-1149,-1646,-99,210
351325,229,856,4993,212,-821,-434,210
351330,289,246,3764,258,-755,-605,210
351335,529,833,7228,-706,-1311,-546,210
351340,-51,-317,1885,-617,75,-765,210
351345,-201,-1908,-30,-49,-925,-859,210
351350,425,-1407,4995,33,-2475,-564,210
351355,546,162,6829,-378,-1559,-249,210
351360,449,-1063,2416,-1182,-439,-171,210
351365,602,-401,8603,47,-1348,-144,210
351370,339,208,8069,889,-38,-144,210
351375,368,-68,5685,716,953,-170,210
351380,221,-917,2874,427,1625,-191,210
351385,458,101,4008,126,1282,-46,210
351390,342,821,1745,309,1504,-33,210
351395,699,1620,1562,-490,741,-150,210
351400,543,-256,2636,-266,111,-425,210
351405,693,21,2657,241,-485,-493,210
351410,290,-482,6933,636,-1544,-370,210
351415,216,759,5632,-508,-1161,-212,210
351420,-59,-786,4417,51,-712,-508,210
351425,367,-670,5803,149,-1289,-478,210
351430,194,-487,5196,-148,-567,-381,210
351435,184,-508,3850,-653,-100,-231,210
351440,257,-1223,3354,-1262,-237,26,210
351445,208,-15,3977,-1090,-352,492,210
351450,152,195,4380,-806,-248,610,210
351455,21,566,1386,-221,-58,540,210
351460,741,703,5762,120,-1013,433,210
351465,554,28,4455,47,-213,304,210
351470,122,-21,4057,378,-7,120,210
351475,218,-729,4448,572,-116,-150,210
351480,43,-1619,3046,412,91,-220,210
351485,269,-1524,3733,-182,-202,76,210
351490,307,-274,4876,-337,-233,501,210
351495,189,205,5365,-1099,136,744,210
351500,573,2033,5494,-417,281,684,210
351505,331,991,4493,218,352,154,210
351510,472,-107,3920,540,459,-254,210
351515,358,-528,2971,297,216,-287,210
351520,255,799,3348,45,-412,-243,210
351525,784,112,3833,-201,-915,-521,211
351530,299,69,3754,41,-1093,-685,211
351535,-18,-498,4828,71,-1189,-826,211
351540,68,-750,4001,701,-833,-805,211
351545,162,-1018,5629,1073,-967,-653,211
351550,-19,-896,4450,1426,-312,-420,211
351555,328,-1357,5256,1244,-13,-154,211
351560,417,-2069,2286,518,304,359,211
351565,996,-197,6506,-795,-423,1152,211
351570,540,1597,5590,-1457,396,1425,211
351575,265,1124,3347,-1419,375,1095,211
351580,639,2803,6114,-882,-356,622,211
351585,52,1879,2220,-756,464,-154,211
351590,361,1045,4500,-388,-648,-848,211
351595,138,-276,2488,182,-537,-1305,211
351600,81,-351,1515,384,-986,-1475,211
351605,1037,-489,9988,541,-1817,-1464,211
351610,923,-4090,5025,-259,308,-1219,211
351615,961,-1395,10017,-913,-111,-361,211
351620,493,-1299,6118,-1201,1131,190,211
351625,225,235,4172,-1018,1268,521,211
351630,498,981,5053,-734,1136,453,211
351635,59,954,1703,-160,1618,199,211
351640,-220,373,1003,155,1034,-143,211
351645,20,-90,1689,854,74,-478,211
351650,479,121,5440,408,-278,-568,211
351655,-73,4,2320,-722,924,-540,211
351660,-78,-886,739,-726,441,-555,211
351665,833,-464,7497,-127,-1946,-368,211
351670,705,684,8027,-5,-1170,-119,211
351675,-147,388,4734,-313,-85,-132,211
351680,1,-384,4811,-330,16,-189,211
351685,-53,5,4550,62,652,-196,211
351690,-17,-525,3381,295,953,-289,211
351695,601,-149,4820,-418,818,-327,211
351700,745,-24,3883,-796,1614,-285,211
351705,280,343,1401,-810,1575,-325,211
351710,323,-87,4529,-181,471,-546,211
351715,361,46,3365,332,325,-581,211
351720,477,-416,3437,71,-10,-404,211
351725,55,-401,4610,106,-273,-291,211
351730,253,-1132,3518,-294,-165,-86,211
351735,443,149,4786,251,-617,-1,211
351740,500,13,5772,296,-682,-131,211
351745,365,-430,5522,314,-136,-260,211
351750,340,-1502,5268,539,313,-435,211
351755,709,-638,7597,813,215,-181,211
351760,468,-278,5365,624,1214,-6,211
351765,245,-267,3508,890,1554,82,211
351770,381,-320,2295,1196,1233,125,211
351775,399,-166,1963,1095,967,227,211
351780,52,648,3120,888,669,357,211
351785,-55,314,1483,-511,654,305,211
351790,299,849,1021,-296,-259,124,211
351795,481,1389,8192,-234,-1628,-83,211
351800,48,474,3710,-129,-363,-435,211
351805,-204,-251,4143,447,-815,-688,211
351810,-241,61,3582,680,-740,-775,211
351815,-78,-563,5156,538,-596,-801,211
351820,315,-2598,4215,474,195,-641,211
351825,22,-1851,4989,374,309,-98,212
351830,690,-1114,6284,-119,513,494,212
351835,768,564,5736,184,1089,797,212
351840,448,111,4766,564,1016,640,212
351845,669,21,1569,1122,768,462,212
351850,608,549,3680,1141,-154,526,212
351855,206,309,1789,607,-31,316,212
351860,62,517,2597,148,-827,89,212
351865,4,433,4036,-482,-1044,-141,212
351870,-32,330,3021,-313,-538,-272,212
351875,163,630,5611,-165,-921,-430,212
351880,220,259,6700,597,-479,-638,212
351885,274,-154,4917,645,357,-686,212
351890,498,-912,6135,611,380,-620,212
351895,208,-913,4235,604,1046,-264,212
351900,58,-886,2790,585,963,19,212
351905,359,-799,5839,186,334,255,212
351910,735,-712,4071,-571,622,567,212
351915,320,-15,3264,-910,355,878,212
351920,432,785,4396,-724,-72,947,212
351925,689,1924,5115,-12,-235,654,212
351930,429,1905,4612,198,-79,52,212
351935,226,691,3607,-281,355,-473,212
351940,61,-296,2700,-395,345,-851,212
351945,1,-1238,3437,-347,-450,-966,212
351950,312,-471,3906,176,-720,-793,212
351955,19,-607,1937,22,-480,-559,212
351960,-23,-776,5198,216,-1196,-326,212
351965,-178,-1154,3537,374,-703,-103,212
351970,-259,-711,5205,626,-1105,216,212
351975,230,-186,5908,566,-1000,428,212
351980,638,508,5851,-340,-526,437,212
351985,62,70,5088,-927,260,374,212
351990,52,601,4128,-974,488,303,212
351995,485,636,6707,-806,308,186,212
352000,236,1244,1964,-21,1128,-92,212
352005,614,564,3020,279,337,-518,212
352010,613,-1216,3808,358,179,-681,212
352015,400,-373,2606,826,275,-557,212
352020,554,-874,3877,534,-409,-427,212
352025,737,-2443,5360,755,-847,-271,212
352030,837,-1773,5464,131,-1001,332,212
352035,432,-561,4506,-296,-1137,967,212
352040,586,993,6427,-438,-1475,1239,212
352045,167,1147,4577,-395,-672,1087,212
352050,152,1323,4786,-593,-472,818,212
352055,-57,777,2729,-285,116,438,212
352060,-82,552,2231,39,-97,121,212
352065,158,64,4136,242,-450,-168,212
352070,128,-499,766,-323,198,-261,212
352075,279,-263,4130,-1508,-488,-66,212
352080,354,515,3878,-1523,-701,53,212
352085,368,-87,5701,-227,-1285,-152,212
352090,804,979,9048,1046,-1389,-302,212
352095,534,-548,3904,601,-182,-428,212
352100,511,-889,5040,582,-595,-472,212
352105,654,-2097,6032,562,-468,-512,212
352110,682,186,7234,328,22,-232,212
352115,534,-510,4181,-190,1010,-149,212
352120,5,-708,1690,358,1174,-15,212
352125,523,-772,2042,331,232,278,212
352130,608,-118,2257,456,-319,484,212
352135,36,106,2539,577,-481,539,212
352140,-167,551,2772,-11,-1167,645,212
352145,296,1372,8558,-788,-1841,592,212
352150,-33,1765,4832,-531,-358,118,212
352155,218,263,5902,117,-521,-540,213
352160,873,51,5649,587,-276,-798,213
352165,404,152,5798,895,147,-855,213
352170,166,-860,3111,912,486,-911,213
352175,692,-1921,2657,-348,-22,-709,213
352180,531,-985,3723,-266,-313,-277,213
352185,101,-582,4171,61,-707,0,213
352190,272,-235,3899,-436,-746,249,213
352195,257,120,4171,-903,-499,449,213
352200,24,195,3938,-1089,-217,541,213
352205,160,736,4211,-1169,-196,560,213
352210,441,765,4006,-612,-200,297,213
352215,162,1044,3080,55,-562,-187,213
352220,519,1469,5986,-465,-1035,-552,213
352225,437,1013,6574,-1140,-424,-815,213
352230,176,-902,4113,-524,311,-1129,213
352235,859,-1425,7587,128,-23,-1009,213
352240,376,-147,4271,-432,967,-468,213
352245,334,-1075,3293,-581,1160,-370,213
352250,414,-596,4186,-103,851,-295,213
352255,542,-1558,971,-35,828,-214,213
352260,496,-52,2419,233,-344,84,213
352265,83,433,3538,273,-573,126,213
352270,181,-59,2723,-402,-298,83,213
352275,230,380,4362,-730,-303,22,213
352280,501,557,6444,-71,-520,-177,213
352285,612,1112,6108,699,-387,-461,213
352290,699,388,7259,170,-134,-729,213
352295,350,-188,5909,476,743,-989,213
352300,179,-1934,4034,493,1119,-1008,213
352305,133,-1521,3304,726,1085,-645,213
352310,225,-1201,2618,409,877,-169,213
352315,339,-531,2587,-158,588,255,213
352320,287,137,2575,-12,452,467,213
352325,402,64,3303,-323,-135,629,213
352330,739,1457,5955,265,-903,593,213
352335,576,1156,5847,-90,-682,345,213
352340,260,915,5046,275,-78,-33,213
352345,410,153,6386,322,150,-509,213
352350,397,-583,5671,166,955,-678,213
352355,109,-1006,2328,207,1642,-718,213
352360,-4,-1392,667,783,1075,-773,213
352365,513,-1180,2243,730,-175,-439,213
352370,506,136,4377,368,-32,-157,213
352375,592,-532,2307,-229,2,-7,213
352380,294,-18,5480,190,-1052,343,213
352385,308,866,7349,802,-1198,443,213
352390,525,534,6788,53,-318,323,213
352395,513,819,7342,48,406,198,213
352400,283,643,3788,435,1234,-115,213
352405,106,-1889,3677,903,973,-472,213
352410,366,-1068,3602,971,986,-255,213
352415,350,-973,2714,522,1127,94,213
352420,312,579,2060,10,898,295,213
352425,350,-126,1141,395,439,-3,213
352430,610,-302,2872,451,-808,-46,213
352435,374,287,6116,1045,-1454,-14,213
352440,340,-1545,3465,1810,-1304,-226,213
352445,548,-359,8608,1710,-2273,-68,213
352450,360,-810,6519,1014,-1143,13,213
352455,62,-757,5486,-35,-464,273,214
352460,589,697,6421,-826,-154,591,214
352465,327,1282,4527,-802,1247,571,214
352470,22,2894,3503,-504,1433,397,214
352475,444,-1693,1345,252,1278,-159,214
352480,554,1257,3496,1293,550,-143,214
352485,560,1422,3011,1236,142,-246,214
352490,10,104,3877,387,-166,-397,214
352495,285,-561,5722,-333,-176,-463,214
352500,310,-646,3273,-606,172,-348,214
352505,-69,-440,6608,-226,-542,-154,214
352510,116,-627,4730,-988,500,-52,214
352515,387,-703,5207,-854,722,111,214
352520,483,506,4080,-104,813,188,214
352525,443,166,2024,482,843,40,214
352530,448,-519,4357,339,273,61,214
352535,666,1025,6371,-721,617,192,214
352540,-14,495,690,-1075,1757,87,214
352545,271,106,6413,-789,-104,-89,214
352550,596,1540,3802,547,397,-395,214
352555,308,-265,2402,404,238,-707,214
352560,98,-1494,1911,10,-516,-641,214
352565,-73,-600,3005,546,-1347,-436,214
352570,643,-646,4742,118,-1824,-231,214
352575,233,-183,5713,36,-1605,-61,214
352580,-221,230,5861,225,-1188,-76,214
352585,39,-162,5125,-89,-494,-188,214
352590,527,-307,6733,-570,-101,-150,214
352595,310,-177,3989,-302,841,-86,214
352600,239,278,2703,-185,771,-13,214
352605,680,524,5344,-190,190,-41,214
352610,657,261,4211,-453,446,-84,214
352615,174,-214,2546,-1042,588,14,214
352620,33,56,2401,91,88,-64,214
352625,857,464,4632,294,-809,-250,214
352630,921,-333,7786,-72,-738,-392,214
352635,507,-39,4046,-250,621,-432,214
352640,130,-2074,2590,-477,210,-477,214
352645,812,-369,5281,-103,-778,-101,214
352650,610,617,2865,435,-376,-73,214
352655,407,-258,2926,443,-769,-102,214
352660,-55,21,2532,522,-1019,-8,214
352665,102,121,5289,235,-1355,3,214
352670,235,-5,4760,-290,-794,-64,214
352675,-61,-881,4620,92,-482,-166,214
352680,161,315,6562,652,-480,-128,214
352685,706,-225,8201,-77,353,-63,214
352690,361,-143,5901,-147,1731,70,214
352695,145,-496,2542,33,2264,136,214
352700,676,-858,634,631,1715,239,214
352705,553,-556,3580,1017,644,474,214
352710,-19,-131,1127,945,894,721,214
352715,412,217,2579,-133,-473,857,214
352720,1087,301,4544,-445,-1356,622,214
352725,569,292,5328,613,-1421,264,215
352730,541,64,7002,801,-1722,95,215
352735,503,764,6143,-61,-773,-82,215
352740,337,177,6832,-306,-197,-399,215
352745,446,-96,5878,-140,511,-606,215
352750,152,-787,2761,546,1282,-648,215
352755,163,474,2911,757,1063,-450,215
352760,-96,683,2029,1105,1280,-449,215
352765,244,1273,4597,439,1012,-540,215
352770,-147,-1189,-716,-1311,1845,-717,215
352775,-715,606,-71,-1479,-36,-478,215
352780,429,-1453,4578,-1905,-2209,-316,215
352785,672,-176,10054,-1176,-2144,27,215
352790,350,-70,6036,-704,-731,393,215
352795,408,602,8417,-1230,-1123,693,215
352800,874,1096,6148,-260,-613,457,215
352805,785,1066,7488,739,-349,-437,215
352810,466,-919,3986,327,1238,-1073,215
352815,-388,-2121,710,-255,1471,-1080,215
352820,385,-2386,590,-415,129,-675,215
352825,441,-1277,1990,-671,-875,-87,215
352830,-123,905,3828,-220,-1310,255,215
352835,1044,40,7569,-343,-1328,285,215
352840,219,-309,2262,-945,80,338,215
352845,261,1074,6341,454,-1136,377,215
352850,844,671,9242,-541,-1017,86,215
352855,771,917,7343,-357,883,-252,215
352860,512,373,3675,-436,1343,-605,215
352865,768,-280,3170,-996,613,-687,215
352870,283,578,3600,-249,601,-685,215
352875,-5,-205,-319,650,590,-753,215
352880,345,-1343,3143,456,-995,-625,215
352885,865,-1046,7111,-106,-831,-318,215
352890,304,-2024,774,-413,465,-29,215
352895,283,-503,7398,133,-1208,275,215
352900,812,156,8562,-85,-258,362,215
352905,264,536,5523,324,866,239,215
352910,230,646,4764,124,1001,90,215
352915,336,323,3196,84,1664,-100,215
352920,91,-971,1077,201,1490,-183,215
352925,130,-265,2652,343,457,51,215
352930,397,221,4381,-553,181,280,215
352935,556,1188,5333,-690,460,332,215
352940,-35,-173,-195,-231,490,13,215
352945,601,-447,6656,477,-1331,-132,215
352950,615,640,7523,1195,-582,-231,215
352955,681,-215,5972,114,55,-271,215
352960,286,-1772,2850,-379,506,-277,215
352965,320,143,6721,271,-664,-179,215
352970,433,977,4201,433,60,-226,215
352975,351,41,3259,651,301,-401,215
352980,551,-123,5849,552,169,-461,215
352985,57,-94,3663,233,1091,-439,215
352990,-168,40,3761,166,981,-442,215
352995,637,-564,3634,-453,737,-447,215
353000,1063,394,6373,-405,424,-350,215
353005,297,849,4404,-457,1064,-312,215
353010,266,399,4186,-228,856,-507,215
353015,451,-664,2974,431,837,-634,215
353020,13,-643,2230,706,491,-458,215
353025,-215,-273,1824,1075,-151,-322,216
353030,114,-611,3991,1068,-907,-270,216
353035,218,-154,2720,-81,-458,-214,216
353040,-94,-463,2385,-504,49,-186,216
353045,383,-184,8659,-522,-830,-178,216
353050,578,-742,5086,-591,118,-221,216
353055,447,197,6985,-721,73,-30,216
353060,645,-98,5682,-646,691,90,216
353065,234,533,2940,331,878,1,216
353070,321,334,1929,834,424,-105,216
353075,31,398,1445,1268,-216,-185,216
353080,-792,455,1563,991,-794,-254,216
353085,772,600,3307,-371,-987,-377,216
353090,153,-1726,4793,-2208,-468,-274,216
353095,-318,-1072,3884,-867,409,102,216
353100,2,1193,5401,-550,-390,237,216
353105,687,700,10339,-858,-456,-72,216
353110,622,-1302,5520,70,1454,-277,216
353115,586,251,3950,662,796,-165,216
353120,387,-618,2700,1045,525,-422,216
353125,149,-574,682,319,-110,-461,216
353130,587,-1707,5571,292,-1540,-397,216
353135,710,140,2945,449,-1122,25,216
353140,659,-388,8031,269,-1390,107,216
353145,225,-546,6011,780,-630,243,216
353150,262,-516,5010,110,-1,527,216
353155,371,893,4741,-324,664,678,216
353160,237,778,4059,-754,865,654,216
353165,494,640,3821,-157,841,376,216
353170,311,2356,2091,435,956,26,216
353175,726,1979,5452,-488,127,-416,216
353180,511,-110,3906,-448,559,-926,216
353185,-49,-697,1239,-601,440,-975,216
353190,26,-1400,2838,-463,-957,-773,216
353195,743,-599,8715,43,-1494,-520,216
353200,560,-427,2465,48,307,-450,216
353205,681,-1323,8756,392,-863,-573,216
353210,133,-923,5683,1082,415,-551,216
353215,436,-1476,3820,929,609,-297,216
353220,676,-958,4006,372,267,144,216
353225,343,-1028,2710,77,311,507,216
353230,141,1150,1800,64,14,864,216
353235,-272,1693,1696,-450,-624,809,216
353240,-52,1520,5789,-385,-1496,391,216
353245,-345,579,1703,49,-425,25,216
353250,119,892,5631,183,-1051,-230,216
353255,318,-43,3832,-543,-470,-431,216
353260,675,108,6058,-558,-794,-431,216
353265,328,65,4968,480,-127,-638,216
353270,539,-187,6361,697,-369,-721,216
353275,1018,-1291,8081,-380,-121,-599,216
353280,498,-2170,3119,-655,1048,-319,216
353285,353,-1798,2440,-549,-29,171,216
353290,467,303,4126,274,-576,506,216
353295,546,676,3311,413,-528,489,216
353300,450,482,4430,823,-910,278,216
353305,356,-638,2836,789,-646,20,216
353310,405,-1051,3778,57,-933,55,216
353315,401,-401,6986,-604,-990,383,216
353320,306,289,3512,-1210,-406,622,216
353325,963,477,7707,-1123,-1306,596,216
353330,673,1639,5504,-546,-237,504,217
353335,454,979,5314,-225,-26,210,217
353340,287,357,4191,276,348,-87,217
353345,-133,-298,3503,422,548,-285,217
353350,77,-58,3003,-4,621,-413,217
353355,305,-311,2029,-425,818,-532,217
353360,343,-710,1624,-449,593,-607,217
353365,422,-563,2509,80,-24,-614,217
353370,267,-1286,1482,444,-621,-497,217
353375,968,-1613,5304,877,-2124,-133,217
353380,483,-235,6160,212,-2132,336,217
353385,406,194,8081,25,-1853,522,217
353390,65,484,7843,-413,-1166,503,217
353395,-66,-501,5177,-551,36,379,217
353400,-260,429,2256,301,493,287,217
353405,276,867,5351,50,63,46,217
353410,705,125,4992,-502,1410,-194,217
353415,778,-658,312,-468,2418,-151,217
353420,9,-695,3756,-720,929,250,217
353425,602,386,3697,-549,587,162,217
353430,817,706,8945,-1444,-166,98,217
353435,380,1011,5259,-1117,951,145,217
353440,97,-201,1502,-155,921,-336,217
353445,406,-894,3182,527,-189,-465,217
353450,484,-1231,4767,654,-374,-346,217
353455,366,-152,2082,961,87,-378,217
353460,492,-152,4555,1171,-588,-798,217
353465,1330,-716,10434,-64,-511,-1043,217
353470,503,-1285,2889,-677,1001,-778,217
353475,649,-739,9527,-619,-601,-508,217
353480,736,-153,4861,10,946,-267,217
353485,216,215,1484,306,1150,-141,217
353490,19,199,2390,225,245,-85,217
353495,-75,560,3538,308,-197,-92,217
353500,323,741,3918,-722,-135,-154,217
353505,238,-44,4294,-1288,280,-302,217
353510,159,2,3286,-901,561,-383,217
353515,158,-691,2717,-87,22,-621,217
353520,1451,194,6297,597,-755,-823,217
353525,454,-264,4726,991,-80,-1030,217
353530,921,-634,8414,1114,-469,-1114,217
353535,400,-2319,3221,1151,727,-834,217
353540,413,-2223,5817,1009,7,-251,217
353545,163,-868,5130,1107,653,292,217
353550,-43,-1067,1948,898,1249,598,217
353555,33,-928,1356,1148,561,881,217
353560,440,2342,4462,832,-86,1110,217
353565,593,2889,4268,-1025,800,762,217
353570,-359,330,-302,-1614,1221,206,217
353575,530,583,10241,-785,-932,-136,217
353580,272,1696,2957,224,1055,-500,217
353585,652,669,6517,-179,288,-904,217
353590,367,-1810,5275,84,1047,-1018,217
353595,-163,-221,1649,634,1282,-783,217
353600,9,-966,1424,1160,83,-856,217
353605,983,-854,8196,-82,-581,-652,217
353610,-122,-2081,389,-897,1897,-165,217
353615,219,-808,4725,-152,193,317,217
353620,426,191,6059,505,67,385,217
353625,634,333,6424,246,560,372,217
353630,529,257,3167,89,1107,382,218
353635,53,470,2673,343,638,144,218
353640,58,276,3265,180,290,-169,218
353645,-412,400,1019,371,239,-403,218
353650,67,-78,3986,471,-637,-539,218
353655,605,-399,3660,89,-307,-539,218
353660,228,-838,2199,785,-395,-459,218
353665,112,-896,5786,1110,-1237,-197,218
353670,660,-511,7938,774,-815,100,218
353675,415,-391,4507,-105,252,378,218
353680,356,10,5029,-753,157,620,218
353685,336,800,5891,-417,237,580,218
353690,249,1043,4252,-273,818,302,218
353695,230,1401,2145,200,820,17,218
353700,87,932,2665,649,349,-382,218
353705,-77,184,1431,1354,251,-775,218
353710,538,-818,2516,1452,-441,-974,218
353715,775,-1803,6278,-360,-587,-706,218
353720,157,-831,3744,-1142,391,-150,218
353725,752,109,11368,-1073,-1071,241,218
353730,583,-494,6426,-978,372,378,218
353735,195,1019,5400,-94,723,462,218
353740,668,963,6009,289,983,310,218
353745,373,113,609,745,1773,17,218
353750,-8,-601,401,1022,453,-162,218
353755,-385,-326,-506,1181,-589,-151,218
353760,731,649,6209,-498,-1619,-137,218
353765,-301,-302,1197,-1467,216,-198,218
353770,-702,-263,1723,-1051,-507,-255,218
353775,704,-407,11944,-233,-1788,-361,218
353780,327,-185,6316,-262,876,-276,218
353785,353,324,4157,80,1288,-304,218
353790,407,-592,3785,560,1379,-470,218
353795,449,-533,2326,375,1106,-431,218
353800,595,-748,2060,8,78,-230,218
353805,808,19,7047,310,-874,10,218
353810,426,290,3237,-322,-68,311,218
353815,186,681,6220,320,-803,323,218
353820,247,-760,3625,409,-135,134,218
353825,695,-1526,4682,-286,-463,335,218
353830,331,-165,3377,-301,-148,680,218
353835,37,1100,3725,-425,-254,680,218
353840,-20,284,4131,-151,-150,350,218
353845,395,810,3351,133,-285,65,218
353850,763,671,7168,-314,-688,-151,218
353855,436,-201,4826,50,406,-512,218
353860,292,-670,3650,98,219,-624,218
353865,495,-1416,3905,-181,-242,-437,218
353870,204,-744,3692,-82,-565,-137,218
353875,-178,196,4963,-225,-692,86,218
353880,-142,424,2099,319,-265,-11,218
353885,584,538,8856,450,-948,-187,218
353890,446,-761,4729,918,724,-404,218
353895,291,-1698,5158,1437,620,-273,218
353900,1176,-1414,6472,485,301,175,218
353905,496,-529,3885,-485,1057,684,218
353910,-77,355,1942,-804,631,1050,218
353915,251,949,2977,-623,-574,1053,218
353920,7,1828,3251,-459,-619,765,218
353925,295,1265,4945,-310,-932,230,218
353930,463,1544,7189,247,-786,-443,219
353935,309,-1837,2685,28,391,-1030,219
353940,667,-982,4082,-100,-423,-715,219
353945,545,-1021,6979,78,-741,-450,219
353950,153,-855,3635,178,348,-156,219
353955,94,-1071,4337,23,58,155,219
353960,535,-215,4007,161,-23,411,219
353965,549,-179,2842,-152,55,510,219
353970,264,308,3149,126,-314,518,219
353975,218,564,3794,63,-663,383,219
353980,-55,278,2973,257,-646,148,219
353985,280,778,6197,-25,-1120,-62,219
353990,-68,714,3245,-569,-256,-318,219
353995,22,75,4614,-655,-581,-569,219
354000,276,-484,6140,41,-564,-693,219
354005,490,-121,6331,-440,75,-570,219
354010,818,-1001,4823,-1230,315,-281,219
354015,470,-568,5665,-1018,-6,113,219
354020,212,369,4548,156,388,214,219
354025,903,945,6491,119,51,243,219
354030,339,-172,2900,78,975,-6,219
354035,106,-385,3258,-14,723,-135,219
354040,273,223,3340,315,376,-274,219
354045,451,-422,3273,730,299,-651,219
354050,437,-1827,5106,370,386,-796,219
354055,391,-676,4042,-987,1073,-311,219
354060,162,-64,2977,-474,767,-135,219
354065,921,66,5378,311,-564,-136,219
354070,391,291,3286,-113,-161,-36,219
354075,-175,563,3303,-482,-373,128,219
354080,40,459,5869,-806,-808,148,219
354085,204,391,6152,-663,-382,49,219
354090,151,2031,5241,-120,188,-277,219
354095,100,-610,4881,266,478,-883,219
354100,801,-1436,4067,254,461,-914,219
354105,340,-958,4229,-290,678,-706,219
354110,-86,-1592,4190,-310,814,-422,219
354115,38,-605,1558,-294,419,-38,219
354120,344,-44,5773,184,-534,130,219
354125,651,305,4242,160,121,231,219
354130,443,135,5821,168,-9,214,219
354135,556,231,4685,905,202,5,219
354140,794,-49,5698,741,11,-112,219
354145,305,-953,3752,739,536,-178,219
354150,386,-595,3663,783,252,-116,219
354155,53,-318,4898,861,72,-37,219
354160,-45,-192,2787,284,637,1,219
354165,15,-299,2330,227,383,54,219
354170,197,-13,4769,9,-44,213,219
354175,-24,800,257,483,432,217,219
354180,662,987,6490,-33,-1027,-23,219
354185,616,888,6681,-683,-421,-289,219
354190,308,-62,4902,-1000,-6,-413,219
354195,109,-533,5206,-736,-292,-436,219
354200,161,123,4805,368,-123,-513,219
354205,194,-922,4350,74,268,-466,219
354210,142,-975,2450,330,476,-325,219
354215,-42,-1443,788,909,-80,-259,219
354220,452,-946,5587,600,-1207,-41,219
354225,408,-393,2980,-412,-53,230,219
354230,214,245,5796,-292,-352,266,220
354235,1329,36,8424,-374,-334,147,220
354240,612,-32,6875,-56,239,146,220
354245,155,1047,5827,287,343,170,220
354250,477,437,2670,493,846,-85,220
354255,163,28,2785,962,381,-313,220
354260,-102,305,1969,1185,23,-446,220
354265,187,-159,1626,398,-376,-581,220
354270,417,-157,2451,-140,-699,-533,220
354275,240,-94,2483,-301,-912,-419,220
354280,30,242,6116,-438,-1495,-413,220
354285,893,478,7822,-1228,-1340,-335,220
354290,1479,-184,12484,-833,-1188,-194,220
354295,226,-201,6353,-304,342,-170,220
354300,83,-650,3782,-526,778,-116,220
354305,315,-337,2673,63,855,-58,220
354310,173,-224,2203,749,530,-106,220
354315,92,576,2379,1082,115,-159,220
354320,385,-583,3946,435,67,-303,220
354325,436,-1246,3266,-139,449,-49,220
354330,-17,-829,296,-575,384,316,220
354335,922,1435,9074,-565,-1255,365,220
354340,681,509,7259,-730,-176,238,220
354345,580,156,6358,-487,203,153,220
354350,807,754,5003,108,384,-22,220
354355,475,293,5672,663,104,-389,220
354360,479,-1215,2069,880,501,-616,220
354365,378,-527,4188,624,-472,-402,220
354370,81,571,2797,136,-392,-273,220
354375,292,399,3357,190,-647,-424,220
354380,316,220,4963,658,-846,-593,220
354385,55,-621,3874,777,-394,-663,220
354390,73,-1035,4230,651,-396,-467,220
354395,249,-973,4264,-346,-313,-72,220
354400,256,-423,4621,-469,33,313,220
354405,-42,109,5756,131,106,453,220
354410,314,181,6319,716,535,436,220
354415,414,-702,4065,1006,1199,468,220
354420,622,-113,3985,425,1077,614,220
354425,844,574,2806,357,792,575,220
354430,424,921,2530,306,-103,317,220
354435,148,799,3609,438,-471,-122,220
354440,702,-537,5683,-264,-807,-369,220
354445,376,-403,4208,-327,-512,-287,220
354450,-387,259,2827,-566,-346,-180,220
354455,-179,238,3559,-803,-637,-235,220
354460,-17,-292,3467,-675,-653,-236,220
354465,295,1241,2700,-374,-501,-106,220
354470,712,19,3952,-336,-714,-341,220
354475,610,-820,3243,-3,-989,-427,220
354480,277,702,7763,-225,-1534,-332,220
354485,64,-843,3669,-371,-454,-481,220
354490,54,-223,4614,390,-957,-546,220
354495,219,-741,3919,716,-878,-660,220
354500,281,-1428,4436,651,-659,-578,220
354505,209,-877,4730,293,-350,-275,220
354510,-111,-486,5275,491,-59,-119,220
354515,165,-600,4385,602,285,70,220
354520,1175,-619,6997,432,89,294,220
354525,372,-1009,2886,191,817,600,220
354530,624,229,5129,-309,151,1062,220
354535,139,481,3380,-696,654,1281,220
354540,506,1977,6504,-1140,40,1284,220
354545,616,1927,5047,-1039,444,706,220
354550,346,1063,4395,-801,676,5,220
354555,274,225,4459,-861,996,-432,220
354560,236,-383,2456,-301,1333,-709,221
354565,651,-1607,1400,304,236,-900,221
354570,823,-1958,2010,866,-919,-786,221
354575,353,-1053,5560,422,-1507,-338,221
354580,0,-1016,3786,-248,-1304,39,221
354585,-177,12,5370,-112,-1406,288,221
354590,-305,638,5242,-67,-857,193,221
354595,156,-361,5557,174,-506,-81,221
354600,254,-606,3887,725,-47,-127,221
354605,926,-557,6891,34,95,54,221
354610,192,118,3034,-532,1599,334,221
354615,402,1333,3615,55,723,268,221
354620,573,314,4516,169,106,-233,221
354625,674,-416,2801,-693,12,-249,221
354630,246,345,7089,-971,-480,92,221
354635,-124,289,-36,-1244,316,161,221
354640,238,631,3889,-1050,-1173,143,221
354645,151,566,3913,-1588,-860,51,221
354650,-108,425,3743,-1675,-506,-67,221
354655,72,-333,5661,-1193,-590,-233,221
354660,1166,775,3146,-1078,-181,-489,221
354665,1278,-1457,10494,-319,-681,-991,221
354670,260,-172,6941,140,1308,-999,221
354675,193,-2033,5594,670,1448,-1130,221
354680,758,-2510,4196,966,1292,-830,221
354685,1239,-799,3278,690,939,-197,221
354690,67,-1149,1006,785,576,-12,221
354695,766,-630,3486,1557,-891,16,221
354700,383,918,4337,1387,-957,85,221
354705,474,947,5377,434,-668,-206,221
354710,597,163,4440,282,-383,-500,221
354715,85,-100,6239,555,-739,-533,221
354720,-75,791,4621,725,120,-421,221
354725,-41,-38,3081,666,417,-521,221
354730,415,-1458,5259,9,238,-288,221
354735,171,166,2659,-522,969,177,221
354740,528,196,4903,-510,377,192,221
354745,924,-393,8222,-468,373,165,221
354750,625,487,6660,-464,1269,128,221
354755,334,816,4009,-402,1499,-112,221
354760,527,-1117,2825,351,1313,-517,221
354765,534,-307,1777,406,848,-363,221
354770,91,-22,2145,369,176,-306,221
354775,-177,-1484,847,610,-470,-337,221
354780,265,-709,2892,350,-1464,33,221
354785,358,-284,5921,-860,-1415,356,221
354790,-592,215,1943,-878,-279,321,221
354795,538,1677,9072,-108,-1697,4,221
354800,488,906,8273,362,-182,-511,221
354805,221,-128,3911,612,1046,-745,221
354810,647,-687,4662,746,596,-711,221
354815,598,-1690,4034,1229,924,-639,221
354820,149,-2057,3158,1453,883,-219,221
354825,471,733,6054,1174,498,124,221
354830,565,-498,2836,259,1244,91,221
354835,728,-1146,4777,757,970,197,221
354840,549,363,6190,1049,920,359,221
354845,99,370,2815,1074,1572,211,221
354850,776,-353,3605,940,805,81,221
354855,756,960,5709,619,580,255,221
354860,23,410,1819,115,1046,213,222
354865,-110,49,2962,127,69,128,222
354870,17,31,2770,159,-131,101,222
354875,8,-101,4329,-169,-421,198,222
354880,-146,860,4025,-654,-381,303,222
354885,297,1002,7822,-353,-497,-2,222
354890,625,-682,8188,749,-2,-425,222
354895,177,-680,4163,1038,1008,-387,222
354900,76,-1365,2760,1195,1004,-335,222
354905,-23,-2232,259,1185,758,-96,222
354910,-19,-150,1798,843,-184,277,222
354915,576,-581,4427,-173,-516,374,222
354920,164,337,825,-1055,320,573,222
354925,-64,1087,1660,-754,-551,569,222
354930,704,1218,6649,509,-2102,199,222
354935,1344,1473,10413,-19,-2241,29,222
354940,-28,635,7253,38,-742,-305,222
354945,-78,-80,3236,252,-361,-555,222
354950,816,-30,7699,162,-1022,-628,222
354955,431,-1079,4947,-137,341,-588,222
354960,377,-1295,4142,-737,514,-199,222
354965,117,-167,4237,-446,488,122,222
354970,436,-767,2812,-356,422,271,222
354975,539,-212,3846,-93,111,604,222
354980,242,-134,2712,-126,586,804,222
354985,-28,644,1571,-163,644,877,222
354990,615,391,5848,-262,-161,679,222
354995,763,618,3693,-428,120,253,222
355000,1289,1952,9001,-179,-1013,-186,222
355005,793,-879,7966,-35,-44,-673,222
355010,68,-139,2948,355,677,-669,222
355015,512,-880,7642,205,-606,-571,222
355020,-36,-147,2419,399,878,-417,222
355025,-232,316,-625,567,550,-411,222
355030,204,-503,3205,1319,-895,-558,222
355035,850,44,4501,591,-862,-506,222
355040,214,-903,2681,-274,-76,-397,222
355045,-489,-830,2009,135,-446,-82,222
355050,124,631,7387,-36,-1465,199,222
355055,152,497,5805,-51,-315,143,222
355060,316,-293,5046,-378,-40,183,222
355065,290,196,3783,-540,-19,327,222
355070,389,175,1702,-272,-491,300,222
355075,314,344,3348,-210,-1344,308,222
355080,107,-330,3950,-127,-1638,308,222
355085,-49,6,3035,-82,-1890,375,222
355090,192,297,5725,-85,-2256,275,222
355095,559,-98,3877,-278,-1511,87,222
355100,839,-185,11150,-242,-1571,-95,222
355105,807,-398,8227,-469,315,-270,222
355110,251,-885,4794,-823,1400,-242,222
355115,512,-27,5573,-760,1383,-43,222
355120,605,-574,3133,-640,1957,-48,222
355125,611,-364,248,6,1874,92,222
355130,916,118,2072,527,708,355,222
355135,608,205,1384,462,243,306,222
355140,790,-24,4806,-208,-805,200,222
355145,127,261,3299,-675,-530,255,222
355150,-479,-45,4021,-89,-1207,16,222
355155,351,866,6340,-134,-1421,-208,222
355160,1299,707,6437,-585,-757,-322,223
355165,774,226,5910,-566,-733,-580,223
355170,-143,-176,3794,543,-384,-957,223
355175,-750,-815,3145,92,-296,-894,223
355180,25,-1435,2358,61,-797,-617,223
355185,397,6,4428,98,-1096,-304,223
355190,652,-976,4968,412,-562,-232,223
355195,75,-760,4117,703,-127,-43,223
355200,110,-854,5009,1026,-9,83,223
355205,333,-1379,2614,1335,405,262,223
355210,619,-904,2834,1679,-197,490,223
355215,952,460,4852,497,-651,630,223
355220,531,337,4225,97,-642,693,223
355225,6,745,3267,-24,-1124,660,223
355230,372,2165,6981,-137,-1637,428,223
355235,136,1287,4151,-717,-497,-69,223
355240,313,983,5379,-1090,-277,-469,223
355245,435,-191,5881,-757,237,-745,223
355250,249,-569,2109,-184,917,-707,223
355255,663,173,4919,24,200,-563,223
355260,338,21,4195,-192,1011,-576,223
355265,691,-895,6020,-549,1034,-409,223
355270,325,-641,3611,-867,1284,-93,223
355275,469,59,4334,-901,806,58,223
355280,217,61,4372,-141,711,-16,223
355285,255,-528,1995,99,765,-129,223
355290,426,-1166,912,360,-128,-157,223
355295,753,-125,5472,-112,-1437,-7,223
355300,37,448,1856,-454,-919,-16,223
355305,137,-360,4359,-345,-1799,-198,223
355310,418,878,9522,-171,-1887,-297,223
355315,627,83,7505,-444,-88,-561,223
355320,965,238,8233,109,1053,-741,223
355325,418,-1253,7050,479,2438,-861,223
355330,223,-1777,2945,664,3095,-608,223
355335,1327,-391,4485,691,2101,-87,223
355340,509,-1780,63,89,2621,269,223
355345,-174,-141,-193,408,1200,802,223
355350,-305,443,-345,760,-320,803,223
355355,569,1017,3612,616,-1595,592,223
355360,581,1001,5024,172,-1385,372,223
355365,-400,1318,4149,-871,-339,6,223
355370,-762,602,1057,-744,-71,-499,223
355375,508,63,10103,102,-1941,-828,223
355380,119,228,4234,405,-159,-942,223
355385,822,-887,5757,-391,-293,-758,223
355390,774,-166,9255,-555,52,-264,223
355395,487,-336,5293,-211,1061,-31,223
355400,557,-463,6081,417,827,44,223
355405,315,-798,3443,752,1615,107,223
355410,186,-1229,2005,1296,1409,89,223
355415,84,190,1751,1389,922,56,223
355420,-199,257,772,1276,819,-179,223
355425,1863,-671,7474,271,73,-386,223
355430,60,68,-776,-97,1422,-252,223
355435,1414,319,14537,-285,-1477,-249,223
355440,814,394,4663,-362,1349,-151,223
355445,50,142,4509,-450,892,-71,223
355450,547,1588,6386,-104,348,-35,223
355455,637,365,4058,669,1004,-422,223
355460,-43,582,2371,1058,913,-598,224
355465,-74,-259,2676,765,248,-817,224
355470,323,-1136,2807,-128,218,-784,224
355475,67,-642,2691,82,247,-496,224
355480,279,-2351,5549,-342,-234,-264,224
355485,-202,-2260,2907,-268,-24,270,224
355490,514,-145,9469,227,-1269,870,224
355495,568,-571,6356,-244,87,1077,224
355500,-18,799,5490,-157,691,1069,224
355505,388,978,4756,215,371,772,224
355510,450,1035,2106,50,488,397,224
355515,456,874,2166,801,-277,-120,224
355520,795,1279,5764,728,-1049,-479,224
355525,492,146,2922,-160,-118,-719,224
355530,11,-883,1137,130,-69,-939,224
355535,536,-798,8018,1079,-1645,-1020,224
355540,62,-399,5039,930,-385,-939,224
355545,609,-1436,6116,-106,-152,-727,224
355550,482,-1166,5647,-267,744,-275,224
355555,-75,-1359,2836,-272,830,213,224
355560,308,800,5273,-267,136,722,224
355565,161,317,2911,421,910,766,224
355570,116,124,2771,823,465,722,224
355575,-146,1194,1402,1050,242,654,224
355580,-503,1767,1732,1461,-375,169,224
355585,714,-1666,4534,709,-1219,-287,224
355590,393,-197,4888,-246,-1188,-102,224
355595,465,-481,8449,-392,-1587,10,224
355600,136,-186,5041,-666,-735,110,224
355605,457,739,8190,-523,-809,86,224
355610,562,1034,5797,-214,422,-79,224
355615,516,-11,4803,-298,1004,-309,224
355620,152,136,2252,-153,1586,-409,224
355625,285,110,1825,-303,1463,-450,224
355630,292,-277,785,351,974,-478,224
355635,441,152,2026,47,370,-400,224
355640,682,-450,4779,-254,-170,-371,224
355645,581,-828,5403,-377,-533,-248,224
355650,1207,-441,4077,86,-1181,-109,224
355655,940,-768,5585,-133,-2092,8,224
355660,329,348,4891,-428,-1956,162,224
355665,272,265,5939,-695,-2128,113,224
355670,56,921,6087,-297,-1665,-1,224
355675,-231,1428,4554,82,-942,-362,224
355680,-352,-493,3882,778,-365,-813,224
355685,-347,-774,2009,1169,4,-767,224
355690,774,-300,6348,46,-411,-495,224
355695,766,-816,1402,-1011,1411,-165,224
355700,55,-940,3002,-1008,615,345,224
355705,180,-551,5061,-519,-257,622,224
355710,401,1760,6529,215,-175,511,224
355715,918,-239,5339,5,473,26,224
355720,682,-239,3799,-75,468,49,224
355725,842,-200,3966,90,-313,80,224
355730,798,779,6006,179,-863,-44,224
355735,248,13,4029,208,-336,-335,224
355740,-21,-586,1593,808,-340,-549,224
355745,217,-1034,3172,1087,-989,-506,224
355750,466,-123,4753,867,-944,-255,224
355755,658,-123,6877,-209,-171,-169,224
355760,-66,-1517,2518,-229,1257,-107,225
355765,69,500,3886,72,-160,468,225
355770,394,707,7322,-305,-551,547,225
355775,114,449,3312,362,735,314,225
355780,855,563,6324,341,-270,291,225
355785,745,-413,2993,257,185,242,225
355790,462,-805,4503,374,-482,280,225
355795,151,-146,4642,136,-541,387,225
355800,162,530,2713,-680,-170,331,225
355805,211,231,4071,-465,-575,58,225
355810,263,990,4485,-156,-633,-255,225
355815,718,673,5595,-713,-421,-667,225
355820,576,65,4905,-738,394,-881,225
355825,190,-296,3096,-969,670,-838,225
355830,332,-1325,5284,-964,165,-599,225
355835,378,1394,3740,-319,646,-192,225
355840,481,527,5054,-217,455,-256,225
355845,580,-265,3937,-175,433,-220,225
355850,312,-2180,3234,378,408,-177,225
355855,843,-495,6588,780,-678,71,225
355860,281,-104,4378,685,-19,95,225
355865,181,-941,4213,251,129,17,225
355870,479,-255,6428,24,54,22,225
355875,526,-278,3956,-439,639,38,225
355880,281,24,4396,-478,228,168,225
355885,92,1253,5398,-419,258,233,225
355890,-71,1503,4020,-54,837,49,225
355895,170,493,3170,422,644,-247,225
355900,87,-342,3317,684,325,-432,225
355905,66,-268,3607,253,491,-417,225
355910,246,500,3583,105,600,-461,225
355915,278,-1490,2111,548,222,-775,225
355920,608,-715,5394,249,-641,-610,225
355925,75,-60,4721,73,-187,-332,225
355930,62,-363,5744,36,-397,-199,225
355935,728,538,6246,27,-314,-213,225
355940,654,-843,4017,-475,82,-194,225
355945,658,-442,5693,-927,-77,174,225
355950,323,836,5450,-498,245,332,225
355955,202,639,2937,-213,615,103,225
355960,402,226,3039,434,367,-115,225
355965,562,-378,2969,437,367,-200,225
355970,285,-14,3227,434,635,-267,225
355975,253,-1038,3471,-465,810,-247,225
355980,160,-850,2476,-293,789,-90,225
355985,433,348,6329,368,-264,32,225
355990,619,-226,6944,729,-47,-131,225
355995,615,-130,4019,-309,513,-14,225
356000,405,537,8207,-214,285,39,225
356005,457,800,5734,227,804,-162,225
356010,379,816,3481,552,1068,-474,225
356015,-212,-1121,884,1317,1246,-817,225
356020,180,-622,3447,1160,173,-749,225
356025,719,-825,2763,-288,411,-578,225
356030,246,-898,4138,-113,717,-338,225
356035,-377,-510,3214,334,546,-41,225
356040,448,232,5675,603,-333,112,225
356045,444,762,3651,918,46,60,225
356050,208,-168,5110,999,-50,20,225
356055,434,-191,5953,761,143,97,225
356060,207,-278,2074,249,571,104,226
356065,213,169,5138,365,-604,39,226
356070,147,79,3750,503,-405,-123,226
356075,119,-209,5014,338,-465,-90,226
356080,316,261,4832,147,-81,-49,226
356085,904,-759,5991,-364,51,-74,226
356090,629,52,6755,502,352,-4,226
356095,558,309,4395,353,719,80,226
356100,480,479,3626,384,666,11,226
356105,327,159,2064,-85,663,-58,226
356110,111,984,2037,145,201,-108,226
356115,17,141,2358,350,-307,-397,226
356120,186,-226,3249,384,-572,-473,226
356125,251,-883,4039,-136,-503,-421,226
356130,100,-944,4287,-640,-431,-224,226
356135,375,-715,6655,-235,-662,111,226
356140,208,237,4126,70,-489,344,226
356145,53,237,5084,109,-549,431,226
356150,292,478,5287,533,-18,369,226
356155,819,37,4967,228,-68,264,226
356160,864,654,8404,-151,-275,119,226
356165,371,-174,4665,-775,1083,-21,226
356170,320,449,3952,-818,706,-3,226
356175,302,225,3211,-229,506,-226,226
356180,-63,639,1600,225,431,-349,226
356185,453,206,3389,547,-96,-535,226
356190,444,-1178,2125,890,-21,-701,226
356195,142,-951,3959,935,-434,-470,226
356200,143,-1027,3900,379,-368,-168,226
356205,-68,-1357,4208,-269,-413,151,226
356210,411,-452,5656,-1098,-540,671,226
356215,484,1815,6615,-830,-603,847,226
356220,430,1511,7739,-631,-428,523,226
356225,103,1885,4899,-204,662,80,226
356230,65,1266,4608,49,793,-475,226
356235,303,259,3030,928,1020,-955,226
356240,405,-722,2029,1290,700,-1236,226
356245,580,-2644,3361,607,-205,-1042,226
356250,405,-1372,1849,-576,18,-417,226
356255,-286,-882,1816,-306,-518,13,226
356260,152,-829,3058,-209,-1748,340,226
356265,896,-578,6544,-1345,-2109,768,226
356270,546,2721,6172,-753,-1613,1059,226
356275,153,1896,6061,-330,-1432,631,226
356280,176,929,6840,332,-934,-46,226
356285,567,546,6972,623,-223,-478,226
356290,480,-2422,2279,565,674,-630,226
356295,273,-1146,3073,562,184,-306,226
356300,102,-534,2861,-100,222,-112,226
356305,73,-514,776,-105,130,-40,226
356310,800,909,5847,-357,-755,44,226
356315,319,106,3292,-1490,318,-133,226
356320,-25,-458,1787,-1191,140,-65,226
356325,698,1249,11299,-78,-1481,-18,226
356330,579,532,7538,536,383,-258,226
356335,577,-473,5228,908,579,-364,226
356340,366,-974,1877,1419,975,-291,226
356345,92,-1522,2374,1657,536,-33,226
356350,454,-408,3854,711,4,342,226
356355,1117,-363,2529,-2176,94,618,226
356360,-276,183,1269,-2085,267,870,227
356365,351,2304,6383,-1097,-1119,716,227
356370,325,1320,5430,-883,-293,179,227
356375,278,1217,5949,-441,84,-200,227
356380,185,211,4714,-122,650,-490,227
356385,-166,-254,1436,338,991,-669,227
356390,-86,-645,704,998,141,-796,227
356395,586,-1239,2490,1025,-635,-855,227
356400,-727,-1294,-1525,854,-203,-631,227
356405,1613,-1357,6599,878,-2121,-574,227
356410,900,-1401,3726,-681,-1472,108,227
356415,1050,-179,9082,-324,-2259,663,227
356420,671,1173,11866,16,-2015,874,227
356425,406,1574,7323,-9,-144,681,227
356430,85,985,5486,84,641,272,227
356435,19,687,4340,58,1078,-90,227
356440,64,-83,220,611,1589,-351,227
356445,268,86,1556,448,441,-476,227
356450,630,-113,3300,-440,451,-514,227
356455,-25,-19,-2326,-1124,1723,-498,227
356460,-486,-1163,5235,-1706,-214,-289,227
356465,185,995,6640,-427,-1454,-167,227
356470,1312,280,5584,-923,-919,-296,227
356475,907,-899,10531,-89,-359,-402,227
356480,477,-64,7124,-16,919,-201,227
356485,324,945,6764,-102,888,-374,227
356490,430,-1352,1831,-392,1963,-697,227
356495,544,-1288,1401,-248,1348,-379,227
356500,499,488,2082,113,472,-10,227
356505,331,79,1788,560,12,-204,227
356510,307,-181,2530,299,-499,-305,227
356515,391,154,5351,460,-1024,-383,227
356520,633,-741,5848,-962,-590,-419,227
356525,205,333,7426,-651,-505,-312,227
356530,117,1086,8361,-421,-372,-389,227
356535,51,400,4531,-296,850,-602,227
356540,406,-706,3896,32,723,-662,227
356545,394,-1348,2741,422,641,-400,227
356550,437,-432,4036,214,243,33,227
356555,511,-607,4464,58,50,230,227
356560,239,101,3147,499,96,337,227
356565,240,450,4556,374,-277,197,227
356570,459,-545,3793,93,256,-116,227
356575,529,-449,6200,-136,236,-136,227
356580,-109,36,4462,200,583,-150,227
356585,243,84,5416,876,472,-322,227
356590,249,-623,4325,1069,1109,-355,227
356595,314,-871,2333,1404,1323,-161,227
356600,690,-141,4839,638,650,121,227
356605,508,-103,2070,-127,937,332,227
356610,202,677,3610,-58,191,468,227
356615,-60,1124,3801,-234,-203,327,227
356620,-114,967,3258,-3,-287,5,227
356625,559,430,5121,-33,-656,-341,227
356630,68,115,5632,615,-292,-575,227
356635,73,-267,5009,995,34,-689,227
356640,378,-1261,4766,784,163,-665,227
356645,933,232,4827,-338,229,-289,227
356650,117,-309,2612,-629,768,-22,227
356655,350,201,4253,-55,-144,83,227
356660,74,165,3970,192,-263,35,227
356665,335,399,5445,-273,-365,29,228
356670,342,-978,3582,-398,124,-106,228
356675,458,298,4186,-4,-366,-139,228
356680,172,-899,6443,472,-506,-421,228
356685,685,-1288,4929,684,-32,-296,228
356690,767,-393,7750,653,-84,18,228
356695,486,-766,4817,353,852,272,228
356700,-73,363,2264,210,566,548,228
356705,342,588,5373,20,-214,525,228
356710,-18,548,850,337,806,329,228
356715,-50,815,2472,339,-12,178,228
356720,12,792,2003,452,-136,-60,228
356725,76,-86,1655,730,-443,-372,228
356730,326,-836,4973,1234,-862,-444,228
356735,1094,-83,8916,593,-425,-446,228
356740,412,-1578,5417,821,563,-418,228
356745,870,-1404,6477,1262,-32,-124,228
356750,342,155,5928,1629,239,97,228
356755,400,-468,4834,1253,597,106,228
356760,2,-531,282,537,602,235,228
356765,-282,-184,2282,382,-1004,496,228
356770,576,288,3810,1071,-1753,695,228
356775,674,1660,7752,177,-1588,668,228
356780,-179,310,2584,-407,159,349,228
356785,258,263,7720,-305,-536,382,228
356790,347,-241,4327,-170,146,484,228
356795,769,1209,3777,453,-213,311,228
356800,463,1521,5545,171,-197,-126,228
356805,392,190,4467,-146,309,-451,228
356810,-169,-492,1676,-902,295,-340,228
356815,132,-1157,2523,-708,-743,-103,228
356820,215,429,2663,478,-1315,13,228
356825,491,-158,4652,329,-1580,37,228
356830,143,-273,4613,313,-1091,40,228
356835,-77,62,5688,83,-879,-7,228
356840,205,609,7607,-851,-274,-96,228
356845,1116,-147,3643,-1781,1029,-234,228
356850,329,700,7241,-1252,532,-165,228
